plantId,curDate,nextDate,plyPath
329_1,2018-07-23,2018-07-31,Z:\result\3_rotatingCamera\3_panicleExperiment\2018-07-23\329_1\original\merge\surface-L2-clean.ply
329_1,2018-07-31,2018-08-06,Z:\result\3_rotatingCamera\3_panicleExperiment\2018-07-31\329_1\original\merge\surface-L2-clean.ply
329_1,2018-08-06,,Z:\result\3_rotatingCamera\3_panicleExperiment\2018-08-06\329_1\original\merge\surface-L2-clean.ply
329_2,2018-07-24,2018-08-06,Z:\result\3_rotatingCamera\3_panicleExperiment\2018-07-24\329_2\original\merge\surface-L2-clean.ply
329_2,2018-08-06,,Z:\result\3_rotatingCamera\3_panicleExperiment\2018-08-06\329_2\original\merge\surface-L2-clean.ply
329_5,2018-07-20,2018-07-27,Z:\result\3_rotatingCamera\3_panicleExperiment\2018-07-20\329_5\original\merge\surface-L2-clean.ply
329_5,2018-07-27,2018-08-03,Z:\result\3_rotatingCamera\3_panicleExperiment\2018-07-27\329_5\original\merge\surface-L2-clean.ply
329_5,2018-08-03,,Z:\result\3_rotatingCamera\3_panicleExperiment\2018-08-03\329_5\original\merge\surface-L2-clean.ply
329_6,2018-07-20,2018-07-27,Z:\result\3_rotatingCamera\3_panicleExperiment\2018-07-20\329_6\original\merge\surface-L2-clean.ply
329_6,2018-07-27,2018-08-03,Z:\result\3_rotatingCamera\3_panicleExperiment\2018-07-27\329_6\original\merge\surface-L2-clean.ply
329_6,2018-08-03,,Z:\result\3_rotatingCamera\3_panicleExperiment\2018-08-03\329_6\original\merge\surface-L2-clean.ply
240_2,2018-07-02,2018-07-16,Z:\result\3_rotatingCamera\3_panicleExperiment\2018-07-02\240_2\original\merge\surface-L2-clean.ply
240_2,2018-07-16,,Z:\result\3_rotatingCamera\3_panicleExperiment\2018-07-16\240_2\original\merge\surface-L2-clean.ply
240_3,2018-07-02,2018-07-09,Z:\result\3_rotatingCamera\3_panicleExperiment\2018-07-02\240_3\original\merge\surface-L2-clean.ply
240_3,2018-07-09,2018-07-16,Z:\result\3_rotatingCamera\3_panicleExperiment\2018-07-09\240_3\original\merge\surface-L2-clean.ply
240_3,2018-07-16,,Z:\result\3_rotatingCamera\3_panicleExperiment\2018-07-16\240_3\original\merge\surface-L2-clean.ply
240_1,2018-06-29,2018-07-06,Z:\result\3_rotatingCamera\3_panicleExperiment\2018-06-29\240_1\original\merge\surface-L2-clean.ply
240_1,2018-07-06,2018-07-13,Z:\result\3_rotatingCamera\3_panicleExperiment\2018-07-06\240_1\original\merge\surface-L2-clean.ply
240_1,2018-07-13,,Z:\result\3_rotatingCamera\3_panicleExperiment\2018-07-13\240_1\original\merge\surface-L2-clean.ply
240_6,2018-07-02,2018-07-09,Z:\result\3_rotatingCamera\3_panicleExperiment\2018-07-02\240_6\original\merge\surface-L2-clean.ply
240_6,2018-07-09,2018-07-16,Z:\result\3_rotatingCamera\3_panicleExperiment\2018-07-09\240_6\original\merge\surface-L2-clean.ply
240_6,2018-07-16,,Z:\result\3_rotatingCamera\3_panicleExperiment\2018-07-16\240_6\original\merge\surface-L2-clean.ply
240_4,2018-07-02,2018-07-09,Z:\result\3_rotatingCamera\3_panicleExperiment\2018-07-02\240_4\original\merge\surface-L2-clean.ply
240_4,2018-07-09,2018-07-16,Z:\result\3_rotatingCamera\3_panicleExperiment\2018-07-09\240_4\original\merge\surface-L2-clean.ply
240_4,2018-07-16,,Z:\result\3_rotatingCamera\3_panicleExperiment\2018-07-16\240_4\original\merge\surface-L2-clean.ply
240_5,2018-08-15,,Z:\result\3_rotatingCamera\3_panicleExperiment\2018-08-15\240_5\original\merge\surface-L2-clean.ply
052_5,2018-07-05,2018-07-13,Z:\result\3_rotatingCamera\3_panicleExperiment\2018-07-05\052_5\original\merge\surface-L2-clean.ply
052_5,2018-07-13,2018-07-20,Z:\result\3_rotatingCamera\3_panicleExperiment\2018-07-13\052_5\original\merge\surface-L2-clean.ply
052_5,2018-07-20,,Z:\result\3_rotatingCamera\3_panicleExperiment\2018-07-20\052_5\original\merge\surface-L2-clean.ply
052_4,2018-07-05,2018-07-13,Z:\result\3_rotatingCamera\3_panicleExperiment\2018-07-05\052_4\original\merge\surface-L2-clean.ply
052_4,2018-07-13,2018-07-20,Z:\result\3_rotatingCamera\3_panicleExperiment\2018-07-13\052_4\original\merge\surface-L2-clean.ply
052_4,2018-07-20,,Z:\result\3_rotatingCamera\3_panicleExperiment\2018-07-20\052_4\original\merge\surface-L2-clean.ply
052_6,2018-07-09,2018-07-16,Z:\result\3_rotatingCamera\3_panicleExperiment\2018-07-09\052_6\original\merge\surface-L2-clean.ply
052_6,2018-07-16,2018-07-23,Z:\result\3_rotatingCamera\3_panicleExperiment\2018-07-16\052_6\original\merge\surface-L2-clean.ply
052_6,2018-07-23,,Z:\result\3_rotatingCamera\3_panicleExperiment\2018-07-23\052_6\original\merge\surface-L2-clean.ply
052_1,2018-07-09,2018-07-16,Z:\result\3_rotatingCamera\3_panicleExperiment\2018-07-09\052_1\original\merge\surface-L2-clean.ply
052_1,2018-07-16,2018-07-23,Z:\result\3_rotatingCamera\3_panicleExperiment\2018-07-16\052_1\original\merge\surface-L2-clean.ply
052_1,2018-07-23,,Z:\result\3_rotatingCamera\3_panicleExperiment\2018-07-23\052_1\original\merge\surface-L2-clean.ply
052_3,2018-07-06,2018-07-13,Z:\result\3_rotatingCamera\3_panicleExperiment\2018-07-06\052_3\original\merge\surface-L2-clean.ply
052_3,2018-07-13,2018-07-20,Z:\result\3_rotatingCamera\3_panicleExperiment\2018-07-13\052_3\original\merge\surface-L2-clean.ply
052_3,2018-07-20,,Z:\result\3_rotatingCamera\3_panicleExperiment\2018-07-20\052_3\original\merge\surface-L2-clean.ply
052_2,2018-07-09,2018-07-16,Z:\result\3_rotatingCamera\3_panicleExperiment\2018-07-09\052_2\original\merge\surface-L2-clean.ply
052_2,2018-07-16,2018-07-23,Z:\result\3_rotatingCamera\3_panicleExperiment\2018-07-16\052_2\original\merge\surface-L2-clean.ply
052_2,2018-07-23,,Z:\result\3_rotatingCamera\3_panicleExperiment\2018-07-23\052_2\original\merge\surface-L2-clean.ply
341_2,2018-07-13,2018-07-20,Z:\result\3_rotatingCamera\3_panicleExperiment\2018-07-13\341_2\original\merge\surface-L2-clean.ply
341_2,2018-07-20,2018-07-27,Z:\result\3_rotatingCamera\3_panicleExperiment\2018-07-20\341_2\original\merge\surface-L2-clean.ply
341_2,2018-07-27,,Z:\result\3_rotatingCamera\3_panicleExperiment\2018-07-27\341_2\original\merge\surface-L2-clean.ply
341_3,2018-07-11,2018-07-18,Z:\result\3_rotatingCamera\3_panicleExperiment\2018-07-11\341_3\original\merge\surface-L2-clean.ply
341_3,2018-07-18,2018-07-25,Z:\result\3_rotatingCamera\3_panicleExperiment\2018-07-18\341_3\original\merge\surface-L2-clean.ply
341_3,2018-07-25,,Z:\result\3_rotatingCamera\3_panicleExperiment\2018-07-25\341_3\original\merge\surface-L2-clean.ply
341_1,2018-07-13,2018-07-20,Z:\result\3_rotatingCamera\3_panicleExperiment\2018-07-13\341_1\original\merge\surface-L2-clean.ply
341_1,2018-07-20,2018-07-27,Z:\result\3_rotatingCamera\3_panicleExperiment\2018-07-20\341_1\original\merge\surface-L2-clean.ply
341_1,2018-07-27,,Z:\result\3_rotatingCamera\3_panicleExperiment\2018-07-27\341_1\original\merge\surface-L2-clean.ply
341_6,2018-07-09,2018-07-16,Z:\result\3_rotatingCamera\3_panicleExperiment\2018-07-09\341_6\original\merge\surface-L2-clean.ply
341_6,2018-07-16,2018-07-23,Z:\result\3_rotatingCamera\3_panicleExperiment\2018-07-16\341_6\original\merge\surface-L2-clean.ply
341_6,2018-07-23,,Z:\result\3_rotatingCamera\3_panicleExperiment\2018-07-23\341_6\original\merge\surface-L2-clean.ply
341_4,2018-07-18,2018-07-25,Z:\result\3_rotatingCamera\3_panicleExperiment\2018-07-18\341_4\original\merge\surface-L2-clean.ply
341_4,2018-07-25,2018-08-01,Z:\result\3_rotatingCamera\3_panicleExperiment\2018-07-25\341_4\original\merge\surface-L2-clean.ply
341_4,2018-08-01,,Z:\result\3_rotatingCamera\3_panicleExperiment\2018-08-01\341_4\original\merge\surface-L2-clean.ply
341_5,2018-07-09,2018-07-16,Z:\result\3_rotatingCamera\3_panicleExperiment\2018-07-09\341_5\original\merge\surface-L2-clean.ply
341_5,2018-07-16,2018-07-23,Z:\result\3_rotatingCamera\3_panicleExperiment\2018-07-16\341_5\original\merge\surface-L2-clean.ply
341_5,2018-07-23,,Z:\result\3_rotatingCamera\3_panicleExperiment\2018-07-23\341_5\original\merge\surface-L2-clean.ply
220_4,2018-06-29,2018-07-03,Z:\result\3_rotatingCamera\3_panicleExperiment\2018-06-29\220_4\original\merge\surface-L2-clean.ply
220_4,2018-07-03,2018-07-11,Z:\result\3_rotatingCamera\3_panicleExperiment\2018-07-03\220_4\original\merge\surface-L2-clean.ply
220_4,2018-07-11,,Z:\result\3_rotatingCamera\3_panicleExperiment\2018-07-11\220_4\original\merge\surface-L2-clean.ply
220_5,2018-06-29,2018-07-06,Z:\result\3_rotatingCamera\3_panicleExperiment\2018-06-29\220_5\original\merge\surface-L2-clean.ply
220_5,2018-07-06,2018-07-13,Z:\result\3_rotatingCamera\3_panicleExperiment\2018-07-06\220_5\original\merge\surface-L2-clean.ply
220_5,2018-07-13,,Z:\result\3_rotatingCamera\3_panicleExperiment\2018-07-13\220_5\original\merge\surface-L2-clean.ply
220_6,2018-07-05,2018-07-13,Z:\result\3_rotatingCamera\3_panicleExperiment\2018-07-05\220_6\original\merge\surface-L2-clean.ply
220_6,2018-07-13,2018-07-20,Z:\result\3_rotatingCamera\3_panicleExperiment\2018-07-13\220_6\original\merge\surface-L2-clean.ply
220_6,2018-07-20,,Z:\result\3_rotatingCamera\3_panicleExperiment\2018-07-20\220_6\original\merge\surface-L2-clean.ply
220_1,2018-06-29,2018-07-03,Z:\result\3_rotatingCamera\3_panicleExperiment\2018-06-29\220_1\original\merge\surface-L2-clean.ply
220_1,2018-07-03,2018-07-11,Z:\result\3_rotatingCamera\3_panicleExperiment\2018-07-03\220_1\original\merge\surface-L2-clean.ply
220_1,2018-07-11,,Z:\result\3_rotatingCamera\3_panicleExperiment\2018-07-11\220_1\original\merge\surface-L2-clean.ply
220_2,2018-06-29,2018-07-03,Z:\result\3_rotatingCamera\3_panicleExperiment\2018-06-29\220_2\original\merge\surface-L2-clean.ply
220_2,2018-07-03,2018-07-09,Z:\result\3_rotatingCamera\3_panicleExperiment\2018-07-03\220_2\original\merge\surface-L2-clean.ply
220_2,2018-07-09,,Z:\result\3_rotatingCamera\3_panicleExperiment\2018-07-09\220_2\original\merge\surface-L2-clean.ply
220_3,2018-06-29,2018-07-03,Z:\result\3_rotatingCamera\3_panicleExperiment\2018-06-29\220_3\original\merge\surface-L2-clean.ply
220_3,2018-07-03,2018-07-09,Z:\result\3_rotatingCamera\3_panicleExperiment\2018-07-03\220_3\original\merge\surface-L2-clean.ply
220_3,2018-07-09,,Z:\result\3_rotatingCamera\3_panicleExperiment\2018-07-09\220_3\original\merge\surface-L2-clean.ply
253_2,2018-07-20,2018-07-27,Z:\result\3_rotatingCamera\3_panicleExperiment\2018-07-20\253_2\original\merge\surface-L2-clean.ply
253_2,2018-07-27,2018-08-03,Z:\result\3_rotatingCamera\3_panicleExperiment\2018-07-27\253_2\original\merge\surface-L2-clean.ply
253_2,2018-08-03,,Z:\result\3_rotatingCamera\3_panicleExperiment\2018-08-03\253_2\original\merge\surface-L2-clean.ply
253_1,2018-07-23,2018-07-30,Z:\result\3_rotatingCamera\3_panicleExperiment\2018-07-23\253_1\original\merge\surface-L2-clean.ply
253_1,2018-07-30,,Z:\result\3_rotatingCamera\3_panicleExperiment\2018-07-30\253_1\original\merge\surface-L2-clean.ply
222_2,2018-07-02,2018-07-09,Z:\result\3_rotatingCamera\3_panicleExperiment\2018-07-02\222_2\original\merge\surface-L2-clean.ply
222_2,2018-07-09,2018-07-16,Z:\result\3_rotatingCamera\3_panicleExperiment\2018-07-09\222_2\original\merge\surface-L2-clean.ply
222_2,2018-07-16,,Z:\result\3_rotatingCamera\3_panicleExperiment\2018-07-16\222_2\original\merge\surface-L2-clean.ply
222_3,2018-07-03,2018-07-11,Z:\result\3_rotatingCamera\3_panicleExperiment\2018-07-03\222_3\original\merge\surface-L2-clean.ply
222_3,2018-07-11,2018-07-18,Z:\result\3_rotatingCamera\3_panicleExperiment\2018-07-11\222_3\original\merge\surface-L2-clean.ply
222_3,2018-07-18,,Z:\result\3_rotatingCamera\3_panicleExperiment\2018-07-18\222_3\original\merge\surface-L2-clean.ply
222_1,2018-07-02,2018-07-09,Z:\result\3_rotatingCamera\3_panicleExperiment\2018-07-02\222_1\original\merge\surface-L2-clean.ply
222_1,2018-07-09,2018-07-16,Z:\result\3_rotatingCamera\3_panicleExperiment\2018-07-09\222_1\original\merge\surface-L2-clean.ply
222_1,2018-07-16,,Z:\result\3_rotatingCamera\3_panicleExperiment\2018-07-16\222_1\original\merge\surface-L2-clean.ply
222_6,2018-07-03,2018-07-11,Z:\result\3_rotatingCamera\3_panicleExperiment\2018-07-03\222_6\original\merge\surface-L2-clean.ply
222_6,2018-07-11,2018-07-18,Z:\result\3_rotatingCamera\3_panicleExperiment\2018-07-11\222_6\original\merge\surface-L2-clean.ply
222_6,2018-07-18,,Z:\result\3_rotatingCamera\3_panicleExperiment\2018-07-18\222_6\original\merge\surface-L2-clean.ply
222_4,2018-07-03,2018-07-11,Z:\result\3_rotatingCamera\3_panicleExperiment\2018-07-03\222_4\original\merge\surface-L2-clean.ply
222_4,2018-07-11,2018-07-18,Z:\result\3_rotatingCamera\3_panicleExperiment\2018-07-11\222_4\original\merge\surface-L2-clean.ply
222_4,2018-07-18,,Z:\result\3_rotatingCamera\3_panicleExperiment\2018-07-18\222_4\original\merge\surface-L2-clean.ply
222_5,2018-07-02,2018-07-09,Z:\result\3_rotatingCamera\3_panicleExperiment\2018-07-02\222_5\original\merge\surface-L2-clean.ply
222_5,2018-07-09,2018-07-16,Z:\result\3_rotatingCamera\3_panicleExperiment\2018-07-09\222_5\original\merge\surface-L2-clean.ply
222_5,2018-07-16,,Z:\result\3_rotatingCamera\3_panicleExperiment\2018-07-16\222_5\original\merge\surface-L2-clean.ply
004_5,2018-07-18,2018-07-25,Z:\result\3_rotatingCamera\3_panicleExperiment\2018-07-18\004_5\original\merge\surface-L2-clean.ply
004_5,2018-07-25,,Z:\result\3_rotatingCamera\3_panicleExperiment\2018-07-25\004_5\original\merge\surface-L2-clean.ply
004_1,2018-07-18,2018-07-25,Z:\result\3_rotatingCamera\3_panicleExperiment\2018-07-18\004_1\original\merge\surface-L2-clean.ply
004_1,2018-07-25,,Z:\result\3_rotatingCamera\3_panicleExperiment\2018-07-25\004_1\original\merge\surface-L2-clean.ply
004_2,2018-07-20,2018-07-27,Z:\result\3_rotatingCamera\3_panicleExperiment\2018-07-20\004_2\original\merge\surface-L2-clean.ply
004_2,2018-07-27,2018-08-03,Z:\result\3_rotatingCamera\3_panicleExperiment\2018-07-27\004_2\original\merge\surface-L2-clean.ply
004_2,2018-08-03,,Z:\result\3_rotatingCamera\3_panicleExperiment\2018-08-03\004_2\original\merge\surface-L2-clean.ply
009_6,2018-07-13,,Z:\result\3_rotatingCamera\3_panicleExperiment\2018-07-13\009_6\original\merge\surface-L2-clean.ply
001_3,2018-07-18,2018-08-01,Z:\result\3_rotatingCamera\3_panicleExperiment\2018-07-18\001_3\original\merge\surface-L2-clean.ply
001_3,2018-08-01,2018-09-17,Z:\result\3_rotatingCamera\3_panicleExperiment\2018-08-01\001_3\original\merge\surface-L2-clean.ply
001_3,2018-09-17,,Z:\result\3_rotatingCamera\3_panicleExperiment\2018-09-17\001_3\original\merge\surface-L2-clean.ply
082_5,2018-07-16,2018-07-23,Z:\result\3_rotatingCamera\3_panicleExperiment\2018-07-16\082_5\original\merge\surface-L2-clean.ply
082_5,2018-07-23,,Z:\result\3_rotatingCamera\3_panicleExperiment\2018-07-23\082_5\original\merge\surface-L2-clean.ply
082_2,2018-07-13,2018-07-20,Z:\result\3_rotatingCamera\3_panicleExperiment\2018-07-13\082_2\original\merge\surface-L2-clean.ply
082_2,2018-07-20,2018-07-27,Z:\result\3_rotatingCamera\3_panicleExperiment\2018-07-20\082_2\original\merge\surface-L2-clean.ply
082_2,2018-07-27,,Z:\result\3_rotatingCamera\3_panicleExperiment\2018-07-27\082_2\original\merge\surface-L2-clean.ply
082_1,2018-07-13,2018-07-20,Z:\result\3_rotatingCamera\3_panicleExperiment\2018-07-13\082_1\original\merge\surface-L2-clean.ply
082_1,2018-07-20,2018-07-27,Z:\result\3_rotatingCamera\3_panicleExperiment\2018-07-20\082_1\original\merge\surface-L2-clean.ply
082_1,2018-07-27,,Z:\result\3_rotatingCamera\3_panicleExperiment\2018-07-27\082_1\original\merge\surface-L2-clean.ply
280_5,2018-07-23,2018-07-31,Z:\result\3_rotatingCamera\3_panicleExperiment\2018-07-23\280_5\original\merge\surface-L2-clean.ply
280_5,2018-07-31,2018-08-06,Z:\result\3_rotatingCamera\3_panicleExperiment\2018-07-31\280_5\original\merge\surface-L2-clean.ply
280_5,2018-08-06,,Z:\result\3_rotatingCamera\3_panicleExperiment\2018-08-06\280_5\original\merge\surface-L2-clean.ply
test_noTripod,2018-07-06,,Z:\result\3_rotatingCamera\3_panicleExperiment\2018-07-06\test_noTripod\original\merge\surface-L2-clean.ply
279_6,2018-07-05,2018-07-13,Z:\result\3_rotatingCamera\3_panicleExperiment\2018-07-05\279_6\original\merge\surface-L2-clean.ply
279_6,2018-07-13,2018-07-20,Z:\result\3_rotatingCamera\3_panicleExperiment\2018-07-13\279_6\original\merge\surface-L2-clean.ply
279_6,2018-07-20,,Z:\result\3_rotatingCamera\3_panicleExperiment\2018-07-20\279_6\original\merge\surface-L2-clean.ply
307_5,2018-07-20,2018-07-27,Z:\result\3_rotatingCamera\3_panicleExperiment\2018-07-20\307_5\original\merge\surface-L2-clean.ply
307_5,2018-07-27,2018-08-03,Z:\result\3_rotatingCamera\3_panicleExperiment\2018-07-27\307_5\original\merge\surface-L2-clean.ply
307_5,2018-08-03,,Z:\result\3_rotatingCamera\3_panicleExperiment\2018-08-03\307_5\original\merge\surface-L2-clean.ply
307_6,2018-07-20,,Z:\result\3_rotatingCamera\3_panicleExperiment\2018-07-20\307_6\original\merge\surface-L2-clean.ply
279_5,2018-07-09,2018-07-16,Z:\result\3_rotatingCamera\3_panicleExperiment\2018-07-09\279_5\original\merge\surface-L2-clean.ply
279_5,2018-07-16,2018-07-23,Z:\result\3_rotatingCamera\3_panicleExperiment\2018-07-16\279_5\original\merge\surface-L2-clean.ply
279_5,2018-07-23,,Z:\result\3_rotatingCamera\3_panicleExperiment\2018-07-23\279_5\original\merge\surface-L2-clean.ply
279_2,2018-07-03,2018-07-11,Z:\result\3_rotatingCamera\3_panicleExperiment\2018-07-03\279_2\original\merge\surface-L2-clean.ply
279_2,2018-07-11,2018-07-18,Z:\result\3_rotatingCamera\3_panicleExperiment\2018-07-11\279_2\original\merge\surface-L2-clean.ply
279_2,2018-07-18,,Z:\result\3_rotatingCamera\3_panicleExperiment\2018-07-18\279_2\original\merge\surface-L2-clean.ply
279_3,2018-07-13,2018-07-20,Z:\result\3_rotatingCamera\3_panicleExperiment\2018-07-13\279_3\original\merge\surface-L2-clean.ply
279_3,2018-07-20,,Z:\result\3_rotatingCamera\3_panicleExperiment\2018-07-20\279_3\original\merge\surface-L2-clean.ply
279_1,2018-07-06,2018-07-13,Z:\result\3_rotatingCamera\3_panicleExperiment\2018-07-06\279_1\original\merge\surface-L2-clean.ply
279_1,2018-07-13,2018-07-20,Z:\result\3_rotatingCamera\3_panicleExperiment\2018-07-13\279_1\original\merge\surface-L2-clean.ply
279_1,2018-07-20,,Z:\result\3_rotatingCamera\3_panicleExperiment\2018-07-20\279_1\original\merge\surface-L2-clean.ply
003_5,2018-07-25,,Z:\result\3_rotatingCamera\3_panicleExperiment\2018-07-25\003_5\original\merge\surface-L2-clean.ply
003_4,2018-07-24,,Z:\result\3_rotatingCamera\3_panicleExperiment\2018-07-24\003_4\original\merge\surface-L2-clean.ply
003_2,2018-07-23,,Z:\result\3_rotatingCamera\3_panicleExperiment\2018-07-23\003_2\original\merge\surface-L2-clean.ply
003_1,2018-07-23,,Z:\result\3_rotatingCamera\3_panicleExperiment\2018-07-23\003_1\original\merge\surface-L2-clean.ply
323_3_again,2018-06-29,,Z:\result\3_rotatingCamera\3_panicleExperiment\2018-06-29\323_3_again\original\merge\surface-L2-clean.ply
062_3,2018-07-11,2018-07-18,Z:\result\3_rotatingCamera\3_panicleExperiment\2018-07-11\062_3\original\merge\surface-L2-clean.ply
062_3,2018-07-18,2018-07-25,Z:\result\3_rotatingCamera\3_panicleExperiment\2018-07-18\062_3\original\merge\surface-L2-clean.ply
062_3,2018-07-25,,Z:\result\3_rotatingCamera\3_panicleExperiment\2018-07-25\062_3\original\merge\surface-L2-clean.ply
062_4,2018-07-11,2018-07-18,Z:\result\3_rotatingCamera\3_panicleExperiment\2018-07-11\062_4\original\merge\surface-L2-clean.ply
062_4,2018-07-18,2018-07-25,Z:\result\3_rotatingCamera\3_panicleExperiment\2018-07-18\062_4\original\merge\surface-L2-clean.ply
062_4,2018-07-25,,Z:\result\3_rotatingCamera\3_panicleExperiment\2018-07-25\062_4\original\merge\surface-L2-clean.ply
062_5,2018-07-11,2018-07-18,Z:\result\3_rotatingCamera\3_panicleExperiment\2018-07-11\062_5\original\merge\surface-L2-clean.ply
062_5,2018-07-18,,Z:\result\3_rotatingCamera\3_panicleExperiment\2018-07-18\062_5\original\merge\surface-L2-clean.ply
062_6,2018-07-13,2018-07-20,Z:\result\3_rotatingCamera\3_panicleExperiment\2018-07-13\062_6\original\merge\surface-L2-clean.ply
062_6,2018-07-20,2018-07-27,Z:\result\3_rotatingCamera\3_panicleExperiment\2018-07-20\062_6\original\merge\surface-L2-clean.ply
062_6,2018-07-27,,Z:\result\3_rotatingCamera\3_panicleExperiment\2018-07-27\062_6\original\merge\surface-L2-clean.ply
253_6,2018-07-20,2018-07-27,Z:\result\3_rotatingCamera\3_panicleExperiment\2018-07-20\253_6\original\merge\surface-L2-clean.ply
253_6,2018-07-27,2018-08-03,Z:\result\3_rotatingCamera\3_panicleExperiment\2018-07-27\253_6\original\merge\surface-L2-clean.ply
253_6,2018-08-03,,Z:\result\3_rotatingCamera\3_panicleExperiment\2018-08-03\253_6\original\merge\surface-L2-clean.ply
253_4,2018-07-18,2018-07-25,Z:\result\3_rotatingCamera\3_panicleExperiment\2018-07-18\253_4\original\merge\surface-L2-clean.ply
253_4,2018-07-25,2018-08-01,Z:\result\3_rotatingCamera\3_panicleExperiment\2018-07-25\253_4\original\merge\surface-L2-clean.ply
253_4,2018-08-01,,Z:\result\3_rotatingCamera\3_panicleExperiment\2018-08-01\253_4\original\merge\surface-L2-clean.ply
253_5,2018-07-20,2018-07-27,Z:\result\3_rotatingCamera\3_panicleExperiment\2018-07-20\253_5\original\merge\surface-L2-clean.ply
253_5,2018-07-27,2018-08-03,Z:\result\3_rotatingCamera\3_panicleExperiment\2018-07-27\253_5\original\merge\surface-L2-clean.ply
253_5,2018-08-03,,Z:\result\3_rotatingCamera\3_panicleExperiment\2018-08-03\253_5\original\merge\surface-L2-clean.ply
253_3,2018-07-18,2018-07-25,Z:\result\3_rotatingCamera\3_panicleExperiment\2018-07-18\253_3\original\merge\surface-L2-clean.ply
253_3,2018-07-25,2018-08-01,Z:\result\3_rotatingCamera\3_panicleExperiment\2018-07-25\253_3\original\merge\surface-L2-clean.ply
253_3,2018-08-01,,Z:\result\3_rotatingCamera\3_panicleExperiment\2018-08-01\253_3\original\merge\surface-L2-clean.ply
082_6,2018-07-18,2018-07-25,Z:\result\3_rotatingCamera\3_panicleExperiment\2018-07-18\082_6\original\merge\surface-L2-clean.ply
082_6,2018-07-25,2018-08-01,Z:\result\3_rotatingCamera\3_panicleExperiment\2018-07-25\082_6\original\merge\surface-L2-clean.ply
082_6,2018-08-01,,Z:\result\3_rotatingCamera\3_panicleExperiment\2018-08-01\082_6\original\merge\surface-L2-clean.ply
082_4,2018-07-13,2018-07-20,Z:\result\3_rotatingCamera\3_panicleExperiment\2018-07-13\082_4\original\merge\surface-L2-clean.ply
082_4,2018-07-20,2018-07-27,Z:\result\3_rotatingCamera\3_panicleExperiment\2018-07-20\082_4\original\merge\surface-L2-clean.ply
082_4,2018-07-27,,Z:\result\3_rotatingCamera\3_panicleExperiment\2018-07-27\082_4\original\merge\surface-L2-clean.ply
001_2,2018-07-11,2018-07-18,Z:\result\3_rotatingCamera\3_panicleExperiment\2018-07-11\001_2\original\merge\surface-L2-clean.ply
001_2,2018-07-18,,Z:\result\3_rotatingCamera\3_panicleExperiment\2018-07-18\001_2\original\merge\surface-L2-clean.ply
001_5,2018-07-11,2018-07-18,Z:\result\3_rotatingCamera\3_panicleExperiment\2018-07-11\001_5\original\merge\surface-L2-clean.ply
001_5,2018-07-18,,Z:\result\3_rotatingCamera\3_panicleExperiment\2018-07-18\001_5\original\merge\surface-L2-clean.ply
001_4,2018-07-13,2018-07-20,Z:\result\3_rotatingCamera\3_panicleExperiment\2018-07-13\001_4\original\merge\surface-L2-clean.ply
001_4,2018-07-20,,Z:\result\3_rotatingCamera\3_panicleExperiment\2018-07-20\001_4\original\merge\surface-L2-clean.ply
221_4,2018-07-09,2018-07-16,Z:\result\3_rotatingCamera\3_panicleExperiment\2018-07-09\221_4\original\merge\surface-L2-clean.ply
221_4,2018-07-16,,Z:\result\3_rotatingCamera\3_panicleExperiment\2018-07-16\221_4\original\merge\surface-L2-clean.ply
296_6,2018-07-09,2018-07-23,Z:\result\3_rotatingCamera\3_panicleExperiment\2018-07-09\296_6\original\merge\surface-L2-clean.ply
296_6,2018-07-23,,Z:\result\3_rotatingCamera\3_panicleExperiment\2018-07-23\296_6\original\merge\surface-L2-clean.ply
296_5,2018-07-09,2018-07-16,Z:\result\3_rotatingCamera\3_panicleExperiment\2018-07-09\296_5\original\merge\surface-L2-clean.ply
296_5,2018-07-16,2018-07-23,Z:\result\3_rotatingCamera\3_panicleExperiment\2018-07-16\296_5\original\merge\surface-L2-clean.ply
296_5,2018-07-23,,Z:\result\3_rotatingCamera\3_panicleExperiment\2018-07-23\296_5\original\merge\surface-L2-clean.ply
296_4,2018-07-13,2018-07-20,Z:\result\3_rotatingCamera\3_panicleExperiment\2018-07-13\296_4\original\merge\surface-L2-clean.ply
296_4,2018-07-20,,Z:\result\3_rotatingCamera\3_panicleExperiment\2018-07-20\296_4\original\merge\surface-L2-clean.ply
296_3,2018-07-11,2018-07-18,Z:\result\3_rotatingCamera\3_panicleExperiment\2018-07-11\296_3\original\merge\surface-L2-clean.ply
296_3,2018-07-18,2018-07-25,Z:\result\3_rotatingCamera\3_panicleExperiment\2018-07-18\296_3\original\merge\surface-L2-clean.ply
296_3,2018-07-25,,Z:\result\3_rotatingCamera\3_panicleExperiment\2018-07-25\296_3\original\merge\surface-L2-clean.ply
296_2,2018-07-13,2018-07-20,Z:\result\3_rotatingCamera\3_panicleExperiment\2018-07-13\296_2\original\merge\surface-L2-clean.ply
296_2,2018-07-20,2018-07-27,Z:\result\3_rotatingCamera\3_panicleExperiment\2018-07-20\296_2\original\merge\surface-L2-clean.ply
296_2,2018-07-27,,Z:\result\3_rotatingCamera\3_panicleExperiment\2018-07-27\296_2\original\merge\surface-L2-clean.ply
296_1,2018-07-11,2018-07-18,Z:\result\3_rotatingCamera\3_panicleExperiment\2018-07-11\296_1\original\merge\surface-L2-clean.ply
296_1,2018-07-18,2018-07-25,Z:\result\3_rotatingCamera\3_panicleExperiment\2018-07-18\296_1\original\merge\surface-L2-clean.ply
296_1,2018-07-25,,Z:\result\3_rotatingCamera\3_panicleExperiment\2018-07-25\296_1\original\merge\surface-L2-clean.ply
202_4,2018-07-18,2018-07-25,Z:\result\3_rotatingCamera\3_panicleExperiment\2018-07-18\202_4\original\merge\surface-L2-clean.ply
202_4,2018-07-25,,Z:\result\3_rotatingCamera\3_panicleExperiment\2018-07-25\202_4\original\merge\surface-L2-clean.ply
221_3,2018-07-02,2018-07-09,Z:\result\3_rotatingCamera\3_panicleExperiment\2018-07-02\221_3\original\merge\surface-L2-clean.ply
221_3,2018-07-09,2018-07-16,Z:\result\3_rotatingCamera\3_panicleExperiment\2018-07-09\221_3\original\merge\surface-L2-clean.ply
221_3,2018-07-16,,Z:\result\3_rotatingCamera\3_panicleExperiment\2018-07-16\221_3\original\merge\surface-L2-clean.ply
368_5,2018-07-16,2018-07-23,Z:\result\3_rotatingCamera\3_panicleExperiment\2018-07-16\368_5\original\merge\surface-L2-clean.ply
368_5,2018-07-23,2018-07-30,Z:\result\3_rotatingCamera\3_panicleExperiment\2018-07-23\368_5\original\merge\surface-L2-clean.ply
368_5,2018-07-30,,Z:\result\3_rotatingCamera\3_panicleExperiment\2018-07-30\368_5\original\merge\surface-L2-clean.ply
183_6,2018-07-02,2018-07-09,Z:\result\3_rotatingCamera\3_panicleExperiment\2018-07-02\183_6\original\merge\surface-L2-clean.ply
183_6,2018-07-09,2018-07-16,Z:\result\3_rotatingCamera\3_panicleExperiment\2018-07-09\183_6\original\merge\surface-L2-clean.ply
183_6,2018-07-16,,Z:\result\3_rotatingCamera\3_panicleExperiment\2018-07-16\183_6\original\merge\surface-L2-clean.ply
183_4,2018-07-03,2018-07-11,Z:\result\3_rotatingCamera\3_panicleExperiment\2018-07-03\183_4\original\merge\surface-L2-clean.ply
183_4,2018-07-11,2018-07-18,Z:\result\3_rotatingCamera\3_panicleExperiment\2018-07-11\183_4\original\merge\surface-L2-clean.ply
183_4,2018-07-18,,Z:\result\3_rotatingCamera\3_panicleExperiment\2018-07-18\183_4\original\merge\surface-L2-clean.ply
183_5,2018-07-09,2018-07-16,Z:\result\3_rotatingCamera\3_panicleExperiment\2018-07-09\183_5\original\merge\surface-L2-clean.ply
183_5,2018-07-16,2018-07-23,Z:\result\3_rotatingCamera\3_panicleExperiment\2018-07-16\183_5\original\merge\surface-L2-clean.ply
183_5,2018-07-23,,Z:\result\3_rotatingCamera\3_panicleExperiment\2018-07-23\183_5\original\merge\surface-L2-clean.ply
183_2,2018-07-03,2018-07-11,Z:\result\3_rotatingCamera\3_panicleExperiment\2018-07-03\183_2\original\merge\surface-L2-clean.ply
183_2,2018-07-11,2018-07-18,Z:\result\3_rotatingCamera\3_panicleExperiment\2018-07-11\183_2\original\merge\surface-L2-clean.ply
183_2,2018-07-18,,Z:\result\3_rotatingCamera\3_panicleExperiment\2018-07-18\183_2\original\merge\surface-L2-clean.ply
183_3,2018-07-05,2018-07-13,Z:\result\3_rotatingCamera\3_panicleExperiment\2018-07-05\183_3\original\merge\surface-L2-clean.ply
183_3,2018-07-13,2018-07-20,Z:\result\3_rotatingCamera\3_panicleExperiment\2018-07-13\183_3\original\merge\surface-L2-clean.ply
183_3,2018-07-20,,Z:\result\3_rotatingCamera\3_panicleExperiment\2018-07-20\183_3\original\merge\surface-L2-clean.ply
183_1,2018-07-03,2018-07-11,Z:\result\3_rotatingCamera\3_panicleExperiment\2018-07-03\183_1\original\merge\surface-L2-clean.ply
183_1,2018-07-11,2018-07-18,Z:\result\3_rotatingCamera\3_panicleExperiment\2018-07-11\183_1\original\merge\surface-L2-clean.ply
183_1,2018-07-18,2018-07-25,Z:\result\3_rotatingCamera\3_panicleExperiment\2018-07-18\183_1\original\merge\surface-L2-clean.ply
183_1,2018-07-25,,Z:\result\3_rotatingCamera\3_panicleExperiment\2018-07-25\183_1\original\merge\surface-L2-clean.ply
271_6,2018-07-23,2018-07-31,Z:\result\3_rotatingCamera\3_panicleExperiment\2018-07-23\271_6\original\merge\surface-L2-clean.ply
271_6,2018-07-31,,Z:\result\3_rotatingCamera\3_panicleExperiment\2018-07-31\271_6\original\merge\surface-L2-clean.ply
271_4,2018-08-01,,Z:\result\3_rotatingCamera\3_panicleExperiment\2018-08-01\271_4\original\merge\surface-L2-clean.ply
271_2,2018-07-24,2018-07-30,Z:\result\3_rotatingCamera\3_panicleExperiment\2018-07-24\271_2\original\merge\surface-L2-clean.ply
271_2,2018-07-30,2018-08-06,Z:\result\3_rotatingCamera\3_panicleExperiment\2018-07-30\271_2\original\merge\surface-L2-clean.ply
271_2,2018-08-06,,Z:\result\3_rotatingCamera\3_panicleExperiment\2018-08-06\271_2\original\merge\surface-L2-clean.ply
271_1,2018-07-24,,Z:\result\3_rotatingCamera\3_panicleExperiment\2018-07-24\271_1\original\merge\surface-L2-clean.ply
233_4,2018-07-05,2018-07-13,Z:\result\3_rotatingCamera\3_panicleExperiment\2018-07-05\233_4\original\merge\surface-L2-clean.ply
233_4,2018-07-13,2018-07-20,Z:\result\3_rotatingCamera\3_panicleExperiment\2018-07-13\233_4\original\merge\surface-L2-clean.ply
233_4,2018-07-20,,Z:\result\3_rotatingCamera\3_panicleExperiment\2018-07-20\233_4\original\merge\surface-L2-clean.ply
233_5,2018-07-09,2018-07-16,Z:\result\3_rotatingCamera\3_panicleExperiment\2018-07-09\233_5\original\merge\surface-L2-clean.ply
233_5,2018-07-16,2018-07-23,Z:\result\3_rotatingCamera\3_panicleExperiment\2018-07-16\233_5\original\merge\surface-L2-clean.ply
233_5,2018-07-23,,Z:\result\3_rotatingCamera\3_panicleExperiment\2018-07-23\233_5\original\merge\surface-L2-clean.ply
233_6,2018-07-09,2018-07-23,Z:\result\3_rotatingCamera\3_panicleExperiment\2018-07-09\233_6\original\merge\surface-L2-clean.ply
233_6,2018-07-23,,Z:\result\3_rotatingCamera\3_panicleExperiment\2018-07-23\233_6\original\merge\surface-L2-clean.ply
233_1,2018-07-09,2018-07-16,Z:\result\3_rotatingCamera\3_panicleExperiment\2018-07-09\233_1\original\merge\surface-L2-clean.ply
233_1,2018-07-16,,Z:\result\3_rotatingCamera\3_panicleExperiment\2018-07-16\233_1\original\merge\surface-L2-clean.ply
233_2,2018-06-29,2018-07-06,Z:\result\3_rotatingCamera\3_panicleExperiment\2018-06-29\233_2\original\merge\surface-L2-clean.ply
233_2,2018-07-06,2018-07-13,Z:\result\3_rotatingCamera\3_panicleExperiment\2018-07-06\233_2\original\merge\surface-L2-clean.ply
233_2,2018-07-13,,Z:\result\3_rotatingCamera\3_panicleExperiment\2018-07-13\233_2\original\merge\surface-L2-clean.ply
233_3,2018-06-29,2018-07-06,Z:\result\3_rotatingCamera\3_panicleExperiment\2018-06-29\233_3\original\merge\surface-L2-clean.ply
233_3,2018-07-06,2018-07-13,Z:\result\3_rotatingCamera\3_panicleExperiment\2018-07-06\233_3\original\merge\surface-L2-clean.ply
233_3,2018-07-13,2018-07-20,Z:\result\3_rotatingCamera\3_panicleExperiment\2018-07-13\233_3\original\merge\surface-L2-clean.ply
233_3,2018-07-20,,Z:\result\3_rotatingCamera\3_panicleExperiment\2018-07-20\233_3\original\merge\surface-L2-clean.ply
027_1,2018-07-09,,Z:\result\3_rotatingCamera\3_panicleExperiment\2018-07-09\027_1\original\merge\surface-L2-clean.ply
216_6,2018-07-30,2018-08-06,Z:\result\3_rotatingCamera\3_panicleExperiment\2018-07-30\216_6\original\merge\surface-L2-clean.ply
216_6,2018-08-06,2018-08-13,Z:\result\3_rotatingCamera\3_panicleExperiment\2018-08-06\216_6\original\merge\surface-L2-clean.ply
216_6,2018-08-13,,Z:\result\3_rotatingCamera\3_panicleExperiment\2018-08-13\216_6\original\merge\surface-L2-clean.ply
216_5,2018-07-20,2018-07-27,Z:\result\3_rotatingCamera\3_panicleExperiment\2018-07-20\216_5\original\merge\surface-L2-clean.ply
216_5,2018-07-27,2018-08-03,Z:\result\3_rotatingCamera\3_panicleExperiment\2018-07-27\216_5\original\merge\surface-L2-clean.ply
216_5,2018-08-03,2018-09-26,Z:\result\3_rotatingCamera\3_panicleExperiment\2018-08-03\216_5\original\merge\surface-L2-clean.ply
216_5,2018-09-26,2018-10-03,Z:\result\3_rotatingCamera\3_panicleExperiment\2018-09-26\216_5\original\merge\surface-L2-clean.ply
216_5,2018-10-03,,Z:\result\3_rotatingCamera\3_panicleExperiment\2018-10-03\216_5\original\merge\surface-L2-clean.ply
216_3,2018-07-20,2018-07-27,Z:\result\3_rotatingCamera\3_panicleExperiment\2018-07-20\216_3\original\merge\surface-L2-clean.ply
216_3,2018-07-27,2018-08-03,Z:\result\3_rotatingCamera\3_panicleExperiment\2018-07-27\216_3\original\merge\surface-L2-clean.ply
216_3,2018-08-03,,Z:\result\3_rotatingCamera\3_panicleExperiment\2018-08-03\216_3\original\merge\surface-L2-clean.ply
216_1,2018-07-20,2018-07-27,Z:\result\3_rotatingCamera\3_panicleExperiment\2018-07-20\216_1\original\merge\surface-L2-clean.ply
216_1,2018-07-27,2018-08-03,Z:\result\3_rotatingCamera\3_panicleExperiment\2018-07-27\216_1\original\merge\surface-L2-clean.ply
216_1,2018-08-03,,Z:\result\3_rotatingCamera\3_panicleExperiment\2018-08-03\216_1\original\merge\surface-L2-clean.ply
wheatPanicle,2018-07-03,,Z:\result\3_rotatingCamera\3_panicleExperiment\2018-07-03\wheatPanicle\original\merge\surface-L2-clean.ply
wheat_3,2018-07-18,,Z:\result\3_rotatingCamera\3_panicleExperiment\2018-07-18\wheat_3\original\merge\surface-L2-clean.ply
wheat_2,2018-07-18,,Z:\result\3_rotatingCamera\3_panicleExperiment\2018-07-18\wheat_2\original\merge\surface-L2-clean.ply
wheat_1,2018-07-18,,Z:\result\3_rotatingCamera\3_panicleExperiment\2018-07-18\wheat_1\original\merge\surface-L2-clean.ply
273_1,2018-07-20,2018-07-27,Z:\result\3_rotatingCamera\3_panicleExperiment\2018-07-20\273_1\original\merge\surface-L2-clean.ply
273_1,2018-07-27,2018-08-03,Z:\result\3_rotatingCamera\3_panicleExperiment\2018-07-27\273_1\original\merge\surface-L2-clean.ply
273_1,2018-08-03,,Z:\result\3_rotatingCamera\3_panicleExperiment\2018-08-03\273_1\original\merge\surface-L2-clean.ply
273_2,2018-07-20,,Z:\result\3_rotatingCamera\3_panicleExperiment\2018-07-20\273_2\original\merge\surface-L2-clean.ply
273_3,2018-07-23,2018-07-31,Z:\result\3_rotatingCamera\3_panicleExperiment\2018-07-23\273_3\original\merge\surface-L2-clean.ply
273_3,2018-07-31,,Z:\result\3_rotatingCamera\3_panicleExperiment\2018-07-31\273_3\original\merge\surface-L2-clean.ply
273_5,2018-07-20,2018-08-03,Z:\result\3_rotatingCamera\3_panicleExperiment\2018-07-20\273_5\original\merge\surface-L2-clean.ply
273_5,2018-08-03,,Z:\result\3_rotatingCamera\3_panicleExperiment\2018-08-03\273_5\original\merge\surface-L2-clean.ply
273_6,2018-07-24,2018-07-31,Z:\result\3_rotatingCamera\3_panicleExperiment\2018-07-24\273_6\original\merge\surface-L2-clean.ply
273_6,2018-07-31,2018-08-06,Z:\result\3_rotatingCamera\3_panicleExperiment\2018-07-31\273_6\original\merge\surface-L2-clean.ply
273_6,2018-08-06,,Z:\result\3_rotatingCamera\3_panicleExperiment\2018-08-06\273_6\original\merge\surface-L2-clean.ply
271_5,2018-07-24,2018-07-30,Z:\result\3_rotatingCamera\3_panicleExperiment\2018-07-24\271_5\original\merge\surface-L2-clean.ply
271_5,2018-07-30,2018-08-06,Z:\result\3_rotatingCamera\3_panicleExperiment\2018-07-30\271_5\original\merge\surface-L2-clean.ply
271_5,2018-08-06,,Z:\result\3_rotatingCamera\3_panicleExperiment\2018-08-06\271_5\original\merge\surface-L2-clean.ply
278_6,2018-07-03,2018-07-18,Z:\result\3_rotatingCamera\3_panicleExperiment\2018-07-03\278_6\original\merge\surface-L2-clean.ply
278_6,2018-07-18,,Z:\result\3_rotatingCamera\3_panicleExperiment\2018-07-18\278_6\original\merge\surface-L2-clean.ply
278_5,2018-07-03,2018-07-11,Z:\result\3_rotatingCamera\3_panicleExperiment\2018-07-03\278_5\original\merge\surface-L2-clean.ply
278_5,2018-07-11,2018-07-18,Z:\result\3_rotatingCamera\3_panicleExperiment\2018-07-11\278_5\original\merge\surface-L2-clean.ply
278_5,2018-07-18,,Z:\result\3_rotatingCamera\3_panicleExperiment\2018-07-18\278_5\original\merge\surface-L2-clean.ply
278_4,2018-07-02,2018-07-09,Z:\result\3_rotatingCamera\3_panicleExperiment\2018-07-02\278_4\original\merge\surface-L2-clean.ply
278_4,2018-07-09,2018-07-16,Z:\result\3_rotatingCamera\3_panicleExperiment\2018-07-09\278_4\original\merge\surface-L2-clean.ply
278_4,2018-07-16,,Z:\result\3_rotatingCamera\3_panicleExperiment\2018-07-16\278_4\original\merge\surface-L2-clean.ply
278_3,2018-07-02,2018-07-09,Z:\result\3_rotatingCamera\3_panicleExperiment\2018-07-02\278_3\original\merge\surface-L2-clean.ply
278_3,2018-07-09,2018-07-16,Z:\result\3_rotatingCamera\3_panicleExperiment\2018-07-09\278_3\original\merge\surface-L2-clean.ply
278_3,2018-07-16,,Z:\result\3_rotatingCamera\3_panicleExperiment\2018-07-16\278_3\original\merge\surface-L2-clean.ply
278_2,2018-07-02,2018-07-09,Z:\result\3_rotatingCamera\3_panicleExperiment\2018-07-02\278_2\original\merge\surface-L2-clean.ply
278_2,2018-07-09,2018-07-16,Z:\result\3_rotatingCamera\3_panicleExperiment\2018-07-09\278_2\original\merge\surface-L2-clean.ply
278_2,2018-07-16,,Z:\result\3_rotatingCamera\3_panicleExperiment\2018-07-16\278_2\original\merge\surface-L2-clean.ply
278_1,2018-07-09,2018-07-16,Z:\result\3_rotatingCamera\3_panicleExperiment\2018-07-09\278_1\original\merge\surface-L2-clean.ply
278_1,2018-07-16,,Z:\result\3_rotatingCamera\3_panicleExperiment\2018-07-16\278_1\original\merge\surface-L2-clean.ply
351_5,2018-07-18,2018-08-01,Z:\result\3_rotatingCamera\3_panicleExperiment\2018-07-18\351_5\original\merge\surface-L2-clean.ply
351_5,2018-08-01,,Z:\result\3_rotatingCamera\3_panicleExperiment\2018-08-01\351_5\original\merge\surface-L2-clean.ply
351_4,2018-07-18,2018-07-25,Z:\result\3_rotatingCamera\3_panicleExperiment\2018-07-18\351_4\original\merge\surface-L2-clean.ply
351_4,2018-07-25,2018-08-01,Z:\result\3_rotatingCamera\3_panicleExperiment\2018-07-25\351_4\original\merge\surface-L2-clean.ply
351_4,2018-08-01,,Z:\result\3_rotatingCamera\3_panicleExperiment\2018-08-01\351_4\original\merge\surface-L2-clean.ply
351_6,2018-07-20,2018-07-27,Z:\result\3_rotatingCamera\3_panicleExperiment\2018-07-20\351_6\original\merge\surface-L2-clean.ply
351_6,2018-07-27,2018-08-03,Z:\result\3_rotatingCamera\3_panicleExperiment\2018-07-27\351_6\original\merge\surface-L2-clean.ply
351_6,2018-08-03,,Z:\result\3_rotatingCamera\3_panicleExperiment\2018-08-03\351_6\original\merge\surface-L2-clean.ply
351_1,2018-07-18,2018-08-01,Z:\result\3_rotatingCamera\3_panicleExperiment\2018-07-18\351_1\original\merge\surface-L2-clean.ply
351_1,2018-08-01,,Z:\result\3_rotatingCamera\3_panicleExperiment\2018-08-01\351_1\original\merge\surface-L2-clean.ply
351_3,2018-07-18,2018-07-25,Z:\result\3_rotatingCamera\3_panicleExperiment\2018-07-18\351_3\original\merge\surface-L2-clean.ply
351_3,2018-07-25,2018-08-01,Z:\result\3_rotatingCamera\3_panicleExperiment\2018-07-25\351_3\original\merge\surface-L2-clean.ply
351_3,2018-08-01,,Z:\result\3_rotatingCamera\3_panicleExperiment\2018-08-01\351_3\original\merge\surface-L2-clean.ply
351_2,2018-07-23,2018-08-06,Z:\result\3_rotatingCamera\3_panicleExperiment\2018-07-23\351_2\original\merge\surface-L2-clean.ply
351_2,2018-08-06,,Z:\result\3_rotatingCamera\3_panicleExperiment\2018-08-06\351_2\original\merge\surface-L2-clean.ply
105_3,2018-07-05,2018-07-13,Z:\result\3_rotatingCamera\3_panicleExperiment\2018-07-05\105_3\original\merge\surface-L2-clean.ply
105_3,2018-07-13,,Z:\result\3_rotatingCamera\3_panicleExperiment\2018-07-13\105_3\original\merge\surface-L2-clean.ply
261_3,2018-07-16,2018-07-23,Z:\result\3_rotatingCamera\3_panicleExperiment\2018-07-16\261_3\original\merge\surface-L2-clean.ply
261_3,2018-07-23,2018-07-30,Z:\result\3_rotatingCamera\3_panicleExperiment\2018-07-23\261_3\original\merge\surface-L2-clean.ply
261_3,2018-07-30,,Z:\result\3_rotatingCamera\3_panicleExperiment\2018-07-30\261_3\original\merge\surface-L2-clean.ply
216_4,2018-07-23,2018-07-31,Z:\result\3_rotatingCamera\3_panicleExperiment\2018-07-23\216_4\original\merge\surface-L2-clean.ply
216_4,2018-07-31,2018-08-06,Z:\result\3_rotatingCamera\3_panicleExperiment\2018-07-31\216_4\original\merge\surface-L2-clean.ply
216_4,2018-08-06,,Z:\result\3_rotatingCamera\3_panicleExperiment\2018-08-06\216_4\original\merge\surface-L2-clean.ply
216_2,2018-07-27,2018-08-03,Z:\result\3_rotatingCamera\3_panicleExperiment\2018-07-27\216_2\original\merge\surface-L2-clean.ply
216_2,2018-08-03,,Z:\result\3_rotatingCamera\3_panicleExperiment\2018-08-03\216_2\original\merge\surface-L2-clean.ply
015_4,2018-07-24,,Z:\result\3_rotatingCamera\3_panicleExperiment\2018-07-24\015_4\original\merge\surface-L2-clean.ply
215_1,2018-07-20,2018-07-27,Z:\result\3_rotatingCamera\3_panicleExperiment\2018-07-20\215_1\original\merge\surface-L2-clean.ply
215_1,2018-07-27,2018-08-03,Z:\result\3_rotatingCamera\3_panicleExperiment\2018-07-27\215_1\original\merge\surface-L2-clean.ply
215_1,2018-08-03,,Z:\result\3_rotatingCamera\3_panicleExperiment\2018-08-03\215_1\original\merge\surface-L2-clean.ply
215_2,2018-07-23,2018-07-30,Z:\result\3_rotatingCamera\3_panicleExperiment\2018-07-23\215_2\original\merge\surface-L2-clean.ply
215_2,2018-07-30,,Z:\result\3_rotatingCamera\3_panicleExperiment\2018-07-30\215_2\original\merge\surface-L2-clean.ply
215_3,2018-07-16,2018-07-23,Z:\result\3_rotatingCamera\3_panicleExperiment\2018-07-16\215_3\original\merge\surface-L2-clean.ply
215_3,2018-07-23,2018-07-30,Z:\result\3_rotatingCamera\3_panicleExperiment\2018-07-23\215_3\original\merge\surface-L2-clean.ply
215_3,2018-07-30,,Z:\result\3_rotatingCamera\3_panicleExperiment\2018-07-30\215_3\original\merge\surface-L2-clean.ply
215_4,2018-07-20,2018-08-03,Z:\result\3_rotatingCamera\3_panicleExperiment\2018-07-20\215_4\original\merge\surface-L2-clean.ply
215_4,2018-08-03,,Z:\result\3_rotatingCamera\3_panicleExperiment\2018-08-03\215_4\original\merge\surface-L2-clean.ply
215_5,2018-07-24,2018-07-30,Z:\result\3_rotatingCamera\3_panicleExperiment\2018-07-24\215_5\original\merge\surface-L2-clean.ply
215_5,2018-07-30,2018-08-06,Z:\result\3_rotatingCamera\3_panicleExperiment\2018-07-30\215_5\original\merge\surface-L2-clean.ply
215_5,2018-08-06,,Z:\result\3_rotatingCamera\3_panicleExperiment\2018-08-06\215_5\original\merge\surface-L2-clean.ply
215_6,2018-07-24,2018-07-31,Z:\result\3_rotatingCamera\3_panicleExperiment\2018-07-24\215_6\original\merge\surface-L2-clean.ply
215_6,2018-07-31,2018-08-06,Z:\result\3_rotatingCamera\3_panicleExperiment\2018-07-31\215_6\original\merge\surface-L2-clean.ply
215_6,2018-08-06,,Z:\result\3_rotatingCamera\3_panicleExperiment\2018-08-06\215_6\original\merge\surface-L2-clean.ply
202_3,2018-07-18,2018-07-25,Z:\result\3_rotatingCamera\3_panicleExperiment\2018-07-18\202_3\original\merge\surface-L2-clean.ply
202_3,2018-07-25,,Z:\result\3_rotatingCamera\3_panicleExperiment\2018-07-25\202_3\original\merge\surface-L2-clean.ply
162_6,2018-07-18,2018-07-25,Z:\result\3_rotatingCamera\3_panicleExperiment\2018-07-18\162_6\original\merge\surface-L2-clean.ply
162_6,2018-07-25,2018-08-01,Z:\result\3_rotatingCamera\3_panicleExperiment\2018-07-25\162_6\original\merge\surface-L2-clean.ply
162_6,2018-08-01,,Z:\result\3_rotatingCamera\3_panicleExperiment\2018-08-01\162_6\original\merge\surface-L2-clean.ply
162_1,2018-07-13,2018-07-20,Z:\result\3_rotatingCamera\3_panicleExperiment\2018-07-13\162_1\original\merge\surface-L2-clean.ply
162_1,2018-07-20,2018-07-27,Z:\result\3_rotatingCamera\3_panicleExperiment\2018-07-20\162_1\original\merge\surface-L2-clean.ply
162_1,2018-07-27,,Z:\result\3_rotatingCamera\3_panicleExperiment\2018-07-27\162_1\original\merge\surface-L2-clean.ply
162_3,2018-07-18,2018-07-25,Z:\result\3_rotatingCamera\3_panicleExperiment\2018-07-18\162_3\original\merge\surface-L2-clean.ply
162_3,2018-07-25,2018-08-01,Z:\result\3_rotatingCamera\3_panicleExperiment\2018-07-25\162_3\original\merge\surface-L2-clean.ply
162_3,2018-08-01,,Z:\result\3_rotatingCamera\3_panicleExperiment\2018-08-01\162_3\original\merge\surface-L2-clean.ply
162_2,2018-07-11,2018-07-18,Z:\result\3_rotatingCamera\3_panicleExperiment\2018-07-11\162_2\original\merge\surface-L2-clean.ply
162_2,2018-07-18,2018-07-25,Z:\result\3_rotatingCamera\3_panicleExperiment\2018-07-18\162_2\original\merge\surface-L2-clean.ply
162_2,2018-07-25,,Z:\result\3_rotatingCamera\3_panicleExperiment\2018-07-25\162_2\original\merge\surface-L2-clean.ply
279_4,2018-07-03,2018-07-11,Z:\result\3_rotatingCamera\3_panicleExperiment\2018-07-03\279_4\original\merge\surface-L2-clean.ply
279_4,2018-07-11,2018-07-18,Z:\result\3_rotatingCamera\3_panicleExperiment\2018-07-11\279_4\original\merge\surface-L2-clean.ply
279_4,2018-07-18,,Z:\result\3_rotatingCamera\3_panicleExperiment\2018-07-18\279_4\original\merge\surface-L2-clean.ply
278_2_again,2018-07-02,,Z:\result\3_rotatingCamera\3_panicleExperiment\2018-07-02\278_2_again\original\merge\surface-L2-clean.ply
307_1,2018-07-23,2018-07-31,Z:\result\3_rotatingCamera\3_panicleExperiment\2018-07-23\307_1\original\merge\surface-L2-clean.ply
307_1,2018-07-31,2018-08-06,Z:\result\3_rotatingCamera\3_panicleExperiment\2018-07-31\307_1\original\merge\surface-L2-clean.ply
307_1,2018-08-06,,Z:\result\3_rotatingCamera\3_panicleExperiment\2018-08-06\307_1\original\merge\surface-L2-clean.ply
260_1,2018-07-24,2018-07-30,Z:\result\3_rotatingCamera\3_panicleExperiment\2018-07-24\260_1\original\merge\surface-L2-clean.ply
260_1,2018-07-30,2018-08-06,Z:\result\3_rotatingCamera\3_panicleExperiment\2018-07-30\260_1\original\merge\surface-L2-clean.ply
260_1,2018-08-06,,Z:\result\3_rotatingCamera\3_panicleExperiment\2018-08-06\260_1\original\merge\surface-L2-clean.ply
260_2,2018-07-20,2018-07-27,Z:\result\3_rotatingCamera\3_panicleExperiment\2018-07-20\260_2\original\merge\surface-L2-clean.ply
260_2,2018-07-27,2018-08-03,Z:\result\3_rotatingCamera\3_panicleExperiment\2018-07-27\260_2\original\merge\surface-L2-clean.ply
260_2,2018-08-03,,Z:\result\3_rotatingCamera\3_panicleExperiment\2018-08-03\260_2\original\merge\surface-L2-clean.ply
260_3,2018-07-18,2018-07-25,Z:\result\3_rotatingCamera\3_panicleExperiment\2018-07-18\260_3\original\merge\surface-L2-clean.ply
260_3,2018-07-25,2018-08-01,Z:\result\3_rotatingCamera\3_panicleExperiment\2018-07-25\260_3\original\merge\surface-L2-clean.ply
260_3,2018-08-01,,Z:\result\3_rotatingCamera\3_panicleExperiment\2018-08-01\260_3\original\merge\surface-L2-clean.ply
260_4,2018-07-24,2018-07-30,Z:\result\3_rotatingCamera\3_panicleExperiment\2018-07-24\260_4\original\merge\surface-L2-clean.ply
260_4,2018-07-30,2018-08-06,Z:\result\3_rotatingCamera\3_panicleExperiment\2018-07-30\260_4\original\merge\surface-L2-clean.ply
260_4,2018-08-06,,Z:\result\3_rotatingCamera\3_panicleExperiment\2018-08-06\260_4\original\merge\surface-L2-clean.ply
260_6,2018-07-30,2018-08-06,Z:\result\3_rotatingCamera\3_panicleExperiment\2018-07-30\260_6\original\merge\surface-L2-clean.ply
260_6,2018-08-06,2018-08-13,Z:\result\3_rotatingCamera\3_panicleExperiment\2018-08-06\260_6\original\merge\surface-L2-clean.ply
260_6,2018-08-13,,Z:\result\3_rotatingCamera\3_panicleExperiment\2018-08-13\260_6\original\merge\surface-L2-clean.ply
269_1,2018-06-29,2018-07-11,Z:\result\3_rotatingCamera\3_panicleExperiment\2018-06-29\269_1\original\merge\surface-L2-clean.ply
269_1,2018-07-11,,Z:\result\3_rotatingCamera\3_panicleExperiment\2018-07-11\269_1\original\merge\surface-L2-clean.ply
269_2,2018-07-06,2018-07-13,Z:\result\3_rotatingCamera\3_panicleExperiment\2018-07-06\269_2\original\merge\surface-L2-clean.ply
269_2,2018-07-13,,Z:\result\3_rotatingCamera\3_panicleExperiment\2018-07-13\269_2\original\merge\surface-L2-clean.ply
269_5,2018-06-29,2018-07-09,Z:\result\3_rotatingCamera\3_panicleExperiment\2018-06-29\269_5\original\merge\surface-L2-clean.ply
269_5,2018-07-09,,Z:\result\3_rotatingCamera\3_panicleExperiment\2018-07-09\269_5\original\merge\surface-L2-clean.ply
269_4,2018-06-29,2018-07-03,Z:\result\3_rotatingCamera\3_panicleExperiment\2018-06-29\269_4\original\merge\surface-L2-clean.ply
269_4,2018-07-03,,Z:\result\3_rotatingCamera\3_panicleExperiment\2018-07-03\269_4\original\merge\surface-L2-clean.ply
105_4,2018-07-05,2018-07-13,Z:\result\3_rotatingCamera\3_panicleExperiment\2018-07-05\105_4\original\merge\surface-L2-clean.ply
105_4,2018-07-13,2018-07-20,Z:\result\3_rotatingCamera\3_panicleExperiment\2018-07-13\105_4\original\merge\surface-L2-clean.ply
105_4,2018-07-20,,Z:\result\3_rotatingCamera\3_panicleExperiment\2018-07-20\105_4\original\merge\surface-L2-clean.ply
105_5,2018-07-03,2018-07-05,Z:\result\3_rotatingCamera\3_panicleExperiment\2018-07-03\105_5\original\merge\surface-L2-clean.ply
105_5,2018-07-05,2018-07-11,Z:\result\3_rotatingCamera\3_panicleExperiment\2018-07-05\105_5\original\merge\surface-L2-clean.ply
105_5,2018-07-11,2018-07-18,Z:\result\3_rotatingCamera\3_panicleExperiment\2018-07-11\105_5\original\merge\surface-L2-clean.ply
105_5,2018-07-18,,Z:\result\3_rotatingCamera\3_panicleExperiment\2018-07-18\105_5\original\merge\surface-L2-clean.ply
105_6,2018-07-05,2018-07-13,Z:\result\3_rotatingCamera\3_panicleExperiment\2018-07-05\105_6\original\merge\surface-L2-clean.ply
105_6,2018-07-13,2018-07-20,Z:\result\3_rotatingCamera\3_panicleExperiment\2018-07-13\105_6\original\merge\surface-L2-clean.ply
105_6,2018-07-20,,Z:\result\3_rotatingCamera\3_panicleExperiment\2018-07-20\105_6\original\merge\surface-L2-clean.ply
105_1,2018-07-03,2018-07-05,Z:\result\3_rotatingCamera\3_panicleExperiment\2018-07-03\105_1\original\merge\surface-L2-clean.ply
105_1,2018-07-05,2018-07-11,Z:\result\3_rotatingCamera\3_panicleExperiment\2018-07-05\105_1\original\merge\surface-L2-clean.ply
105_1,2018-07-11,2018-07-18,Z:\result\3_rotatingCamera\3_panicleExperiment\2018-07-11\105_1\original\merge\surface-L2-clean.ply
105_1,2018-07-18,,Z:\result\3_rotatingCamera\3_panicleExperiment\2018-07-18\105_1\original\merge\surface-L2-clean.ply
105_2,2018-07-06,2018-07-13,Z:\result\3_rotatingCamera\3_panicleExperiment\2018-07-06\105_2\original\merge\surface-L2-clean.ply
105_2,2018-07-13,2018-07-20,Z:\result\3_rotatingCamera\3_panicleExperiment\2018-07-13\105_2\original\merge\surface-L2-clean.ply
105_2,2018-07-20,,Z:\result\3_rotatingCamera\3_panicleExperiment\2018-07-20\105_2\original\merge\surface-L2-clean.ply
335_6,2018-07-16,2018-07-23,Z:\result\3_rotatingCamera\3_panicleExperiment\2018-07-16\335_6\original\merge\surface-L2-clean.ply
335_6,2018-07-23,2018-07-30,Z:\result\3_rotatingCamera\3_panicleExperiment\2018-07-23\335_6\original\merge\surface-L2-clean.ply
335_6,2018-07-30,,Z:\result\3_rotatingCamera\3_panicleExperiment\2018-07-30\335_6\original\merge\surface-L2-clean.ply
335_5,2018-07-16,2018-08-02,Z:\result\3_rotatingCamera\3_panicleExperiment\2018-07-16\335_5\original\merge\surface-L2-clean.ply
335_5,2018-08-02,,Z:\result\3_rotatingCamera\3_panicleExperiment\2018-08-02\335_5\original\merge\surface-L2-clean.ply
335_4,2018-07-23,2018-07-31,Z:\result\3_rotatingCamera\3_panicleExperiment\2018-07-23\335_4\original\merge\surface-L2-clean.ply
335_4,2018-07-31,,Z:\result\3_rotatingCamera\3_panicleExperiment\2018-07-31\335_4\original\merge\surface-L2-clean.ply
335_3,2018-07-30,2018-08-06,Z:\result\3_rotatingCamera\3_panicleExperiment\2018-07-30\335_3\original\merge\surface-L2-clean.ply
335_3,2018-08-06,,Z:\result\3_rotatingCamera\3_panicleExperiment\2018-08-06\335_3\original\merge\surface-L2-clean.ply
335_2,2018-08-06,,Z:\result\3_rotatingCamera\3_panicleExperiment\2018-08-06\335_2\original\merge\surface-L2-clean.ply
335_1,2018-07-20,2018-07-27,Z:\result\3_rotatingCamera\3_panicleExperiment\2018-07-20\335_1\original\merge\surface-L2-clean.ply
335_1,2018-07-27,2018-08-03,Z:\result\3_rotatingCamera\3_panicleExperiment\2018-07-27\335_1\original\merge\surface-L2-clean.ply
335_1,2018-08-03,,Z:\result\3_rotatingCamera\3_panicleExperiment\2018-08-03\335_1\original\merge\surface-L2-clean.ply
280_6,2018-07-24,2018-07-30,Z:\result\3_rotatingCamera\3_panicleExperiment\2018-07-24\280_6\original\merge\surface-L2-clean.ply
280_6,2018-07-30,,Z:\result\3_rotatingCamera\3_panicleExperiment\2018-07-30\280_6\original\merge\surface-L2-clean.ply
344_6,2018-07-18,,Z:\result\3_rotatingCamera\3_panicleExperiment\2018-07-18\344_6\original\merge\surface-L2-clean.ply
280_4,2018-07-18,2018-08-01,Z:\result\3_rotatingCamera\3_panicleExperiment\2018-07-18\280_4\original\merge\surface-L2-clean.ply
280_4,2018-08-01,,Z:\result\3_rotatingCamera\3_panicleExperiment\2018-08-01\280_4\original\merge\surface-L2-clean.ply
344_4,2018-07-18,2018-07-25,Z:\result\3_rotatingCamera\3_panicleExperiment\2018-07-18\344_4\original\merge\surface-L2-clean.ply
344_4,2018-07-25,2018-08-01,Z:\result\3_rotatingCamera\3_panicleExperiment\2018-07-25\344_4\original\merge\surface-L2-clean.ply
344_4,2018-08-01,,Z:\result\3_rotatingCamera\3_panicleExperiment\2018-08-01\344_4\original\merge\surface-L2-clean.ply
344_3,2018-07-18,2018-07-25,Z:\result\3_rotatingCamera\3_panicleExperiment\2018-07-18\344_3\original\merge\surface-L2-clean.ply
344_3,2018-07-25,2018-08-01,Z:\result\3_rotatingCamera\3_panicleExperiment\2018-07-25\344_3\original\merge\surface-L2-clean.ply
344_3,2018-08-01,,Z:\result\3_rotatingCamera\3_panicleExperiment\2018-08-01\344_3\original\merge\surface-L2-clean.ply
344_2,2018-07-20,2018-07-27,Z:\result\3_rotatingCamera\3_panicleExperiment\2018-07-20\344_2\original\merge\surface-L2-clean.ply
344_2,2018-07-27,2018-08-03,Z:\result\3_rotatingCamera\3_panicleExperiment\2018-07-27\344_2\original\merge\surface-L2-clean.ply
344_2,2018-08-03,,Z:\result\3_rotatingCamera\3_panicleExperiment\2018-08-03\344_2\original\merge\surface-L2-clean.ply
344_1,2018-07-20,2018-07-27,Z:\result\3_rotatingCamera\3_panicleExperiment\2018-07-20\344_1\original\merge\surface-L2-clean.ply
344_1,2018-07-27,,Z:\result\3_rotatingCamera\3_panicleExperiment\2018-07-27\344_1\original\merge\surface-L2-clean.ply
280_1,2018-07-20,2018-07-27,Z:\result\3_rotatingCamera\3_panicleExperiment\2018-07-20\280_1\original\merge\surface-L2-clean.ply
280_1,2018-07-27,,Z:\result\3_rotatingCamera\3_panicleExperiment\2018-07-27\280_1\original\merge\surface-L2-clean.ply
031_6,2018-07-24,,Z:\result\3_rotatingCamera\3_panicleExperiment\2018-07-24\031_6\original\merge\surface-L2-clean.ply
001_6,2018-07-16,2018-07-23,Z:\result\3_rotatingCamera\3_panicleExperiment\2018-07-16\001_6\original\merge\surface-L2-clean.ply
001_6,2018-07-23,2018-07-30,Z:\result\3_rotatingCamera\3_panicleExperiment\2018-07-23\001_6\original\merge\surface-L2-clean.ply
001_6,2018-07-30,,Z:\result\3_rotatingCamera\3_panicleExperiment\2018-07-30\001_6\original\merge\surface-L2-clean.ply
017_6,2018-07-09,,Z:\result\3_rotatingCamera\3_panicleExperiment\2018-07-09\017_6\original\merge\surface-L2-clean.ply
368_2,2018-07-18,2018-07-25,Z:\result\3_rotatingCamera\3_panicleExperiment\2018-07-18\368_2\original\merge\surface-L2-clean.ply
368_2,2018-07-25,2018-08-01,Z:\result\3_rotatingCamera\3_panicleExperiment\2018-07-25\368_2\original\merge\surface-L2-clean.ply
368_2,2018-08-01,,Z:\result\3_rotatingCamera\3_panicleExperiment\2018-08-01\368_2\original\merge\surface-L2-clean.ply
162_4,2018-07-18,2018-07-25,Z:\result\3_rotatingCamera\3_panicleExperiment\2018-07-18\162_4\original\merge\surface-L2-clean.ply
162_4,2018-07-25,2018-08-01,Z:\result\3_rotatingCamera\3_panicleExperiment\2018-07-25\162_4\original\merge\surface-L2-clean.ply
162_4,2018-08-01,,Z:\result\3_rotatingCamera\3_panicleExperiment\2018-08-01\162_4\original\merge\surface-L2-clean.ply
051_2,2018-07-09,2018-07-16,Z:\result\3_rotatingCamera\3_panicleExperiment\2018-07-09\051_2\original\merge\surface-L2-clean.ply
051_2,2018-07-16,2018-07-23,Z:\result\3_rotatingCamera\3_panicleExperiment\2018-07-16\051_2\original\merge\surface-L2-clean.ply
051_2,2018-07-23,,Z:\result\3_rotatingCamera\3_panicleExperiment\2018-07-23\051_2\original\merge\surface-L2-clean.ply
051_3,2018-07-09,2018-07-16,Z:\result\3_rotatingCamera\3_panicleExperiment\2018-07-09\051_3\original\merge\surface-L2-clean.ply
051_3,2018-07-16,2018-07-23,Z:\result\3_rotatingCamera\3_panicleExperiment\2018-07-16\051_3\original\merge\surface-L2-clean.ply
051_3,2018-07-23,,Z:\result\3_rotatingCamera\3_panicleExperiment\2018-07-23\051_3\original\merge\surface-L2-clean.ply
051_1,2018-07-13,2018-07-20,Z:\result\3_rotatingCamera\3_panicleExperiment\2018-07-13\051_1\original\merge\surface-L2-clean.ply
051_1,2018-07-20,,Z:\result\3_rotatingCamera\3_panicleExperiment\2018-07-20\051_1\original\merge\surface-L2-clean.ply
051_6,2018-07-13,2018-07-20,Z:\result\3_rotatingCamera\3_panicleExperiment\2018-07-13\051_6\original\merge\surface-L2-clean.ply
051_6,2018-07-20,2018-07-27,Z:\result\3_rotatingCamera\3_panicleExperiment\2018-07-20\051_6\original\merge\surface-L2-clean.ply
051_6,2018-07-27,,Z:\result\3_rotatingCamera\3_panicleExperiment\2018-07-27\051_6\original\merge\surface-L2-clean.ply
051_4,2018-07-09,2018-07-16,Z:\result\3_rotatingCamera\3_panicleExperiment\2018-07-09\051_4\original\merge\surface-L2-clean.ply
051_4,2018-07-16,2018-07-23,Z:\result\3_rotatingCamera\3_panicleExperiment\2018-07-16\051_4\original\merge\surface-L2-clean.ply
051_4,2018-07-23,,Z:\result\3_rotatingCamera\3_panicleExperiment\2018-07-23\051_4\original\merge\surface-L2-clean.ply
051_5,2018-07-11,2018-07-18,Z:\result\3_rotatingCamera\3_panicleExperiment\2018-07-11\051_5\original\merge\surface-L2-clean.ply
051_5,2018-07-18,2018-07-25,Z:\result\3_rotatingCamera\3_panicleExperiment\2018-07-18\051_5\original\merge\surface-L2-clean.ply
051_5,2018-07-25,,Z:\result\3_rotatingCamera\3_panicleExperiment\2018-07-25\051_5\original\merge\surface-L2-clean.ply
265_5,2018-07-16,2018-07-23,Z:\result\3_rotatingCamera\3_panicleExperiment\2018-07-16\265_5\original\merge\surface-L2-clean.ply
265_5,2018-07-23,2018-07-30,Z:\result\3_rotatingCamera\3_panicleExperiment\2018-07-23\265_5\original\merge\surface-L2-clean.ply
265_5,2018-07-30,,Z:\result\3_rotatingCamera\3_panicleExperiment\2018-07-30\265_5\original\merge\surface-L2-clean.ply
265_4,2018-07-24,2018-07-31,Z:\result\3_rotatingCamera\3_panicleExperiment\2018-07-24\265_4\original\merge\surface-L2-clean.ply
265_4,2018-07-31,2018-08-06,Z:\result\3_rotatingCamera\3_panicleExperiment\2018-07-31\265_4\original\merge\surface-L2-clean.ply
265_4,2018-08-06,,Z:\result\3_rotatingCamera\3_panicleExperiment\2018-08-06\265_4\original\merge\surface-L2-clean.ply
265_6,2018-07-16,2018-07-23,Z:\result\3_rotatingCamera\3_panicleExperiment\2018-07-16\265_6\original\merge\surface-L2-clean.ply
265_6,2018-07-23,2018-07-30,Z:\result\3_rotatingCamera\3_panicleExperiment\2018-07-23\265_6\original\merge\surface-L2-clean.ply
265_6,2018-07-30,,Z:\result\3_rotatingCamera\3_panicleExperiment\2018-07-30\265_6\original\merge\surface-L2-clean.ply
265_1,2018-07-24,2018-08-06,Z:\result\3_rotatingCamera\3_panicleExperiment\2018-07-24\265_1\original\merge\surface-L2-clean.ply
265_1,2018-08-06,,Z:\result\3_rotatingCamera\3_panicleExperiment\2018-08-06\265_1\original\merge\surface-L2-clean.ply
265_3,2018-07-24,2018-08-06,Z:\result\3_rotatingCamera\3_panicleExperiment\2018-07-24\265_3\original\merge\surface-L2-clean.ply
265_3,2018-08-06,,Z:\result\3_rotatingCamera\3_panicleExperiment\2018-08-06\265_3\original\merge\surface-L2-clean.ply
265_2,2018-07-20,2018-07-27,Z:\result\3_rotatingCamera\3_panicleExperiment\2018-07-20\265_2\original\merge\surface-L2-clean.ply
265_2,2018-07-27,,Z:\result\3_rotatingCamera\3_panicleExperiment\2018-07-27\265_2\original\merge\surface-L2-clean.ply
221_5,2018-07-09,2018-07-16,Z:\result\3_rotatingCamera\3_panicleExperiment\2018-07-09\221_5\original\merge\surface-L2-clean.ply
221_5,2018-07-16,,Z:\result\3_rotatingCamera\3_panicleExperiment\2018-07-16\221_5\original\merge\surface-L2-clean.ply
202_1,2018-07-20,2018-07-27,Z:\result\3_rotatingCamera\3_panicleExperiment\2018-07-20\202_1\original\merge\surface-L2-clean.ply
202_1,2018-07-27,2018-08-03,Z:\result\3_rotatingCamera\3_panicleExperiment\2018-07-27\202_1\original\merge\surface-L2-clean.ply
202_1,2018-08-03,,Z:\result\3_rotatingCamera\3_panicleExperiment\2018-08-03\202_1\original\merge\surface-L2-clean.ply
202_2,2018-07-24,2018-07-31,Z:\result\3_rotatingCamera\3_panicleExperiment\2018-07-24\202_2\original\merge\surface-L2-clean.ply
202_2,2018-07-31,2018-08-06,Z:\result\3_rotatingCamera\3_panicleExperiment\2018-07-31\202_2\original\merge\surface-L2-clean.ply
202_2,2018-08-06,,Z:\result\3_rotatingCamera\3_panicleExperiment\2018-08-06\202_2\original\merge\surface-L2-clean.ply
221_6,2018-07-02,2018-07-09,Z:\result\3_rotatingCamera\3_panicleExperiment\2018-07-02\221_6\original\merge\surface-L2-clean.ply
221_6,2018-07-09,2018-07-16,Z:\result\3_rotatingCamera\3_panicleExperiment\2018-07-09\221_6\original\merge\surface-L2-clean.ply
221_6,2018-07-16,,Z:\result\3_rotatingCamera\3_panicleExperiment\2018-07-16\221_6\original\merge\surface-L2-clean.ply
221_1,2018-07-02,2018-07-09,Z:\result\3_rotatingCamera\3_panicleExperiment\2018-07-02\221_1\original\merge\surface-L2-clean.ply
221_1,2018-07-09,2018-07-16,Z:\result\3_rotatingCamera\3_panicleExperiment\2018-07-09\221_1\original\merge\surface-L2-clean.ply
221_1,2018-07-16,,Z:\result\3_rotatingCamera\3_panicleExperiment\2018-07-16\221_1\original\merge\surface-L2-clean.ply
202_6,2018-07-24,2018-07-30,Z:\result\3_rotatingCamera\3_panicleExperiment\2018-07-24\202_6\original\merge\surface-L2-clean.ply
202_6,2018-07-30,2018-08-06,Z:\result\3_rotatingCamera\3_panicleExperiment\2018-07-30\202_6\original\merge\surface-L2-clean.ply
202_6,2018-08-06,,Z:\result\3_rotatingCamera\3_panicleExperiment\2018-08-06\202_6\original\merge\surface-L2-clean.ply
221_2,2018-07-02,2018-07-09,Z:\result\3_rotatingCamera\3_panicleExperiment\2018-07-02\221_2\original\merge\surface-L2-clean.ply
221_2,2018-07-09,2018-07-16,Z:\result\3_rotatingCamera\3_panicleExperiment\2018-07-09\221_2\original\merge\surface-L2-clean.ply
221_2,2018-07-16,,Z:\result\3_rotatingCamera\3_panicleExperiment\2018-07-16\221_2\original\merge\surface-L2-clean.ply
368_6,2018-07-23,2018-07-30,Z:\result\3_rotatingCamera\3_panicleExperiment\2018-07-23\368_6\original\merge\surface-L2-clean.ply
368_6,2018-07-30,,Z:\result\3_rotatingCamera\3_panicleExperiment\2018-07-30\368_6\original\merge\surface-L2-clean.ply
368_1,2018-07-20,2018-07-27,Z:\result\3_rotatingCamera\3_panicleExperiment\2018-07-20\368_1\original\merge\surface-L2-clean.ply
368_1,2018-07-27,2018-08-03,Z:\result\3_rotatingCamera\3_panicleExperiment\2018-07-27\368_1\original\merge\surface-L2-clean.ply
368_1,2018-08-03,,Z:\result\3_rotatingCamera\3_panicleExperiment\2018-08-03\368_1\original\merge\surface-L2-clean.ply
261_1,2018-07-16,2018-07-23,Z:\result\3_rotatingCamera\3_panicleExperiment\2018-07-16\261_1\original\merge\surface-L2-clean.ply
261_1,2018-07-23,2018-07-30,Z:\result\3_rotatingCamera\3_panicleExperiment\2018-07-23\261_1\original\merge\surface-L2-clean.ply
261_1,2018-07-30,,Z:\result\3_rotatingCamera\3_panicleExperiment\2018-07-30\261_1\original\merge\surface-L2-clean.ply
261_2,2018-07-16,2018-07-23,Z:\result\3_rotatingCamera\3_panicleExperiment\2018-07-16\261_2\original\merge\surface-L2-clean.ply
261_2,2018-07-23,2018-07-30,Z:\result\3_rotatingCamera\3_panicleExperiment\2018-07-23\261_2\original\merge\surface-L2-clean.ply
261_2,2018-07-30,,Z:\result\3_rotatingCamera\3_panicleExperiment\2018-07-30\261_2\original\merge\surface-L2-clean.ply
261_5,2018-07-23,2018-07-31,Z:\result\3_rotatingCamera\3_panicleExperiment\2018-07-23\261_5\original\merge\surface-L2-clean.ply
261_5,2018-07-31,2018-08-06,Z:\result\3_rotatingCamera\3_panicleExperiment\2018-07-31\261_5\original\merge\surface-L2-clean.ply
261_5,2018-08-06,,Z:\result\3_rotatingCamera\3_panicleExperiment\2018-08-06\261_5\original\merge\surface-L2-clean.ply
261_4,2018-07-16,2018-07-23,Z:\result\3_rotatingCamera\3_panicleExperiment\2018-07-16\261_4\original\merge\surface-L2-clean.ply
261_4,2018-07-23,2018-07-30,Z:\result\3_rotatingCamera\3_panicleExperiment\2018-07-23\261_4\original\merge\surface-L2-clean.ply
261_4,2018-07-30,,Z:\result\3_rotatingCamera\3_panicleExperiment\2018-07-30\261_4\original\merge\surface-L2-clean.ply
261_6,2018-07-23,2018-07-31,Z:\result\3_rotatingCamera\3_panicleExperiment\2018-07-23\261_6\original\merge\surface-L2-clean.ply
261_6,2018-07-31,,Z:\result\3_rotatingCamera\3_panicleExperiment\2018-07-31\261_6\original\merge\surface-L2-clean.ply
338_2,2018-07-09,2018-07-16,Z:\result\3_rotatingCamera\3_panicleExperiment\2018-07-09\338_2\original\merge\surface-L2-clean.ply
338_2,2018-07-16,2018-07-23,Z:\result\3_rotatingCamera\3_panicleExperiment\2018-07-16\338_2\original\merge\surface-L2-clean.ply
338_2,2018-07-23,,Z:\result\3_rotatingCamera\3_panicleExperiment\2018-07-23\338_2\original\merge\surface-L2-clean.ply
338_3,2018-07-09,2018-07-23,Z:\result\3_rotatingCamera\3_panicleExperiment\2018-07-09\338_3\original\merge\surface-L2-clean.ply
338_3,2018-07-23,,Z:\result\3_rotatingCamera\3_panicleExperiment\2018-07-23\338_3\original\merge\surface-L2-clean.ply
338_1,2018-07-13,2018-07-20,Z:\result\3_rotatingCamera\3_panicleExperiment\2018-07-13\338_1\original\merge\surface-L2-clean.ply
338_1,2018-07-20,2018-07-27,Z:\result\3_rotatingCamera\3_panicleExperiment\2018-07-20\338_1\original\merge\surface-L2-clean.ply
338_1,2018-07-27,,Z:\result\3_rotatingCamera\3_panicleExperiment\2018-07-27\338_1\original\merge\surface-L2-clean.ply
338_6,2018-07-11,2018-07-18,Z:\result\3_rotatingCamera\3_panicleExperiment\2018-07-11\338_6\original\merge\surface-L2-clean.ply
338_6,2018-07-18,2018-07-25,Z:\result\3_rotatingCamera\3_panicleExperiment\2018-07-18\338_6\original\merge\surface-L2-clean.ply
338_6,2018-07-25,,Z:\result\3_rotatingCamera\3_panicleExperiment\2018-07-25\338_6\original\merge\surface-L2-clean.ply
338_4,2018-07-11,2018-07-18,Z:\result\3_rotatingCamera\3_panicleExperiment\2018-07-11\338_4\original\merge\surface-L2-clean.ply
338_4,2018-07-18,2018-07-25,Z:\result\3_rotatingCamera\3_panicleExperiment\2018-07-18\338_4\original\merge\surface-L2-clean.ply
338_4,2018-07-25,,Z:\result\3_rotatingCamera\3_panicleExperiment\2018-07-25\338_4\original\merge\surface-L2-clean.ply
338_5,2018-07-11,2018-07-18,Z:\result\3_rotatingCamera\3_panicleExperiment\2018-07-11\338_5\original\merge\surface-L2-clean.ply
338_5,2018-07-18,2018-07-25,Z:\result\3_rotatingCamera\3_panicleExperiment\2018-07-18\338_5\original\merge\surface-L2-clean.ply
338_5,2018-07-25,,Z:\result\3_rotatingCamera\3_panicleExperiment\2018-07-25\338_5\original\merge\surface-L2-clean.ply
323_6,2018-06-29,2018-07-06,Z:\result\3_rotatingCamera\3_panicleExperiment\2018-06-29\323_6\original\merge\surface-L2-clean.ply
323_6,2018-07-06,,Z:\result\3_rotatingCamera\3_panicleExperiment\2018-07-06\323_6\original\merge\surface-L2-clean.ply
323_4,2018-06-29,,Z:\result\3_rotatingCamera\3_panicleExperiment\2018-06-29\323_4\original\merge\surface-L2-clean.ply
323_5,2018-06-29,,Z:\result\3_rotatingCamera\3_panicleExperiment\2018-06-29\323_5\original\merge\surface-L2-clean.ply
323_2,2018-06-29,,Z:\result\3_rotatingCamera\3_panicleExperiment\2018-06-29\323_2\original\merge\surface-L2-clean.ply
323_1,2018-06-29,,Z:\result\3_rotatingCamera\3_panicleExperiment\2018-06-29\323_1\original\merge\surface-L2-clean.ply
344_5,2018-07-18,2018-07-25,Z:\result\3_rotatingCamera\3_panicleExperiment\2018-07-18\344_5\original\merge\surface-L2-clean.ply
344_5,2018-07-25,2018-08-01,Z:\result\3_rotatingCamera\3_panicleExperiment\2018-07-25\344_5\original\merge\surface-L2-clean.ply
344_5,2018-08-01,,Z:\result\3_rotatingCamera\3_panicleExperiment\2018-08-01\344_5\original\merge\surface-L2-clean.ply
280_2,2018-07-18,2018-07-25,Z:\result\3_rotatingCamera\3_panicleExperiment\2018-07-18\280_2\original\merge\surface-L2-clean.ply
280_2,2018-07-25,2018-08-01,Z:\result\3_rotatingCamera\3_panicleExperiment\2018-07-25\280_2\original\merge\surface-L2-clean.ply
280_2,2018-08-01,,Z:\result\3_rotatingCamera\3_panicleExperiment\2018-08-01\280_2\original\merge\surface-L2-clean.ply
280_3,2018-07-18,2018-07-25,Z:\result\3_rotatingCamera\3_panicleExperiment\2018-07-18\280_3\original\merge\surface-L2-clean.ply
280_3,2018-07-25,2018-08-01,Z:\result\3_rotatingCamera\3_panicleExperiment\2018-07-25\280_3\original\merge\surface-L2-clean.ply
280_3,2018-08-01,,Z:\result\3_rotatingCamera\3_panicleExperiment\2018-08-01\280_3\original\merge\surface-L2-clean.ply
